W_mem,W_H2_GDE,T,sigmas_MGL370,sigmas_SS316L,eps_H2,eps_O2,v_in_H2,v_in_O2,p_gas,i0_ref_O2,i0_ref_H2
2.9999999999999997e-05,0.0002,30.0,535700.0,17153.7,0.6,0.6,0.0014,0.00224358974,101325.0,0.014,0.024
8.999999999999999e-05,0.0004,50.0,5357000.0,17153.7,0.8,0.6,0.00224358974,0.0035,10132500.0,0.027,0.037