W_mem,W_H2_GDE,T,sigmas_MGL370,sigmas_SS316L,eps_H2,eps_O2,v_in_H2,v_in_O2,p_gas,i0_ref_H2,i0_ref_O2
7.089748401535066e-05,0.00034374956074445127,54.88245389576264,18334508.07477088,316080.01664953114,0.6208004493248664,0.7175039579082614,0.004798298024138127,0.0051987645442355766,4604444.988796223,0.06784498111418748,3.976164891829685
5.0930545935748555e-05,0.0005216383283415674,79.27626595019285,34951387.44180953,1014728.6912619487,0.7118209358223531,0.6434205304258639,0.0014951466385819457,0.0023005781989240102,7531620.2797059165,0.0983147217774966,5.408459799202876
